accuracy,avg_test_time,avg_train_time,batch_size,epochs,f1_score,input_ratio,model_name,neurons,precision,recall,train_ratio
0.933970326155,21.9818998337,152.322263002,128,32,0.898759514341,0.125,dual_large,32,0.912664981747,0.88527141838,20
0.938912109934,16.4881809711,301.87477479,128,32,0.907389564508,0.125,dual_large,32,0.910924047544,0.903882403805,40
0.942431399493,12.191278553,459.342492867,128,32,0.912572226063,0.125,dual_large,32,0.917731315092,0.907470817121,60
0.94620405359,6.94927244186,621.4242486,128,32,0.91820318621,0.125,dual_large,32,0.924480673153,0.912010376135,80
