accuracy,avg_test_time,avg_train_time,batch_size,epochs,f1_score,input_ratio,model_name,neurons,precision,recall,train_ratio
0.932192472033,33.7484168053,501.809942198,16,32,0.897310163627,0.125,dual_simple,32,0.899803049472,0.894831052597,20
0.937263097624,24.6505889893,1001.20718422,16,32,0.905162937638,0.125,dual_simple,32,0.906064806793,0.904262862084,40
0.940009447331,17.4273667336,1477.25829782,16,32,0.909402197175,0.125,dual_simple,32,0.909413992581,0.909390402075,60
0.944950188939,9.54511976242,1921.57014484,16,32,0.916163122237,0.125,dual_simple,32,0.923921072069,0.908534370947,80
