accuracy,avg_test_time,avg_train_time,batch_size,epochs,f1_score,input_ratio,model_name,neurons,precision,recall,train_ratio
0.921619822644,25.9548930168,208.066112995,32,16,0.878566106025,0,oneLayer_perm,32,0.901883648185,0.8564238926,20
0.92877755511,18.8365799904,414.050490427,32,16,0.889765244902,0,oneLayer_perm,32,0.912480005816,0.868153912668,40
0.931695795938,11.4830790043,621.252796984,32,16,0.893358542178,0,oneLayer_perm,32,0.924639853443,0.864124513619,60
0.934438337341,6.01227741241,843.318800974,32,16,0.897035418521,0,oneLayer_perm,32,0.934311081142,0.86261997406,80
