accuracy,avg_test_time,avg_train_time,batch_size,epochs,f1_score,input_ratio,model_name,neurons,precision,recall,train_ratio
0.934129216499,24.5399272442,392.78774004,32,32,0.898700989942,0,oneLayer_comb,32,0.915428909698,0.882573448343,20
0.939106784999,18.017932415,762.795693207,32,32,0.908143963931,0,oneLayer_comb,32,0.907133243607,0.90915693904,40
0.941443723966,12.1337179661,1109.36190658,32,32,0.910071752664,0,oneLayer_comb,32,0.925750013417,0.894915693904,60
0.945362418413,6.35174293518,1382.91357169,32,32,0.917344419904,0,oneLayer_comb,32,0.918896408121,0.91579766537,80
