accuracy,avg_test_time,avg_train_time,batch_size,epochs,f1_score,input_ratio,model_name,neurons,precision,recall,train_ratio
0.800068709338,4.6306789875,85.0665041924,16,32,0.679114198871,0,oneLayer_feat,32,0.724563932112,0.639029768467,20
0.804889779559,3.63254065514,171.433824396,16,32,0.689800822925,0,oneLayer_feat,32,0.728237261422,0.655218331172,40
0.805092970327,2.82590293884,255.90005784,16,32,0.695210722824,0,oneLayer_feat,32,0.720786454272,0.671387808042,60
0.807282720715,1.8113779068,340.427144814,16,32,0.692316130094,0,oneLayer_feat,32,0.734279564889,0.654889753567,80
