,fit_time,score_time,test_accuracy,test_f1,test_precision,test_recall,train_accuracy,train_f1,train_precision,train_recall
0,2546.238353,32.51365495,0.949737897,0.927437305,0.951873287,0.904224537,0.958703808,0.940738282,0.959527571,0.922670718
1,2558.540941,31.49312019,0.949532326,0.927527675,0.946670684,0.909143519,0.962018811,0.945485394,0.964554485,0.927155671
2,2477.825257,30.67227006,0.943673553,0.922048364,0.906827084,0.937789352,0.954592178,0.93664623,0.928556195,0.944878472
3,2506.918476,32.70886207,0.946859903,0.924558587,0.932587577,0.916666667,0.956673691,0.938467153,0.947038892,0.93004919
4,2479.980165,31.62643909,0.948710042,0.927712589,0.928923702,0.92650463,0.958138459,0.94091618,0.94355132,0.938295718
Average,2513.900638,31.80286927,0.947702744,0.925856904,0.933376467,0.918865741,0.958025389,0.940450648,0.948645693,0.932609954
