,avg_acc,fpos_rate,fneg_rate,precision,recall,f1_score,avg_test_time,avg_train_time
0.2,0.817235142119,0.110775193798,0.0719896640827,0.664925421742,0.753339453989,0.753339453989,0.0146143913269,0.00556764602661
0.4,0.816198679299,0.110732127476,0.0730691932242,0.665062961355,0.750603899547,0.750603899547,0.00925631523132,0.0117968082428
0.6,0.81698535745,0.110577088717,0.0724375538329,0.665502866076,0.75232352511,0.75232352511,0.00590996742249,0.0162839889526
0.8,0.816330749354,0.11037037037,0.0732988802756,0.666128191767,0.750223071894,0.750223071894,0.00259208679199,0.0207827568054
