,avg_acc,fpos_rate,fneg_rate,precision,recall,f1_score,avg_test_time,avg_train_time
0.2,0.906412575366,0.0464987080103,0.0470887166236,0.859349964176,0.857842600254,0.857842600254,0.019716835022,0.255743980408
0.4,0.917404536319,0.0434165948895,0.0391788687913,0.868675640469,0.879972252871,0.879972252871,0.0152895927429,0.665973138809
0.6,0.923824289406,0.0406890611542,0.0354866494401,0.876915059927,0.890941327998,0.890941327998,0.0105147838593,1.17998518944
0.8,0.927803617571,0.0385874246339,0.033608957795,0.88327253778,0.896896925176,0.896896925176,0.00540175437927,1.79527606964
