,avg_acc,fpos_rate,fneg_rate,precision,recall,f1_score,avg_test_time,avg_train_time
0.2,0.904664082687,0.056007751938,0.0393281653747,0.830586855989,0.874753068558,0.874753068558,0.00278348922729,0.207679128647
0.4,0.905925925926,0.0563766867643,0.0376973873098,0.82947459835,0.879165776767,0.879165776767,0.00191054344177,0.391886425018
0.6,0.907200689061,0.0532558139535,0.0395434969854,0.838900468994,0.875222324158,0.875222324158,0.00129771232605,0.565720415115
0.8,0.906184323859,0.0552799310939,0.0385357450474,0.832777488275,0.87723747804,0.87723747804,0.000629663467407,0.73663520813
