,avg_acc,fpos_rate,fneg_rate,precision,recall,f1_score,avg_test_time,avg_train_time
0.2,0.846640826873,0.106162790698,0.0471963824289,0.678877092425,0.826255413532,0.826255413532,0.00713963508606,0.00387582778931
0.4,0.847958656331,0.104507608384,0.0475337352857,0.683890577508,0.826291744004,0.826291744004,0.00524759292603,0.00745596885681
0.6,0.849483204134,0.10322997416,0.0472868217054,0.687727983325,0.827860170509,0.827860170509,0.00276255607605,0.0110044002533
0.8,0.851610680448,0.10149870801,0.0468906115418,0.692965085982,0.830109837714,0.830109837714,0.00126905441284,0.0149139881134
