,fit_time,score_time,test_accuracy,test_f1,test_precision,test_recall,train_accuracy,train_f1,train_precision,train_recall
0,9564.96554208,30.545527935,0.948247507452,0.926864696056,0.930581887123,0.923177083333,0.956621552167,0.938525784209,0.945042049677,0.932098765432
